Workbook

Sheet Ersatzteilpreisliste
A1: ERSATZTEILE
A2: Art. Nr | B2: Part name | C2: Artikel | D2: Netto EK | E2: Netto VK | F2: Brutto VK | G2: Axkid ONE | H2: Axkid ONE + | I2: Minikid 2.0 | J2: Move | K2: Rekid | L2: Modukid Seat | M2: Modukid Infant | N2: Minikid 1.0 | O2: Wolmax | P2: Duofix | Q2: Kidzone | R2: EAN | S2: Box Size（cm） | T2: Gross Weight | U2: N.T Weight
A3: 1002101 | B3: EPS Back support (Minikid) | C3: =VLOOKUP(A3,Artikeldaten!A:B,2,0) -> Styropor [Rücken] - Minikid, Rekid, Duofix & Kidzone | D3: 7 | E3: =F3/1.19 -> 11.764706 | F3: =D3*2 -> 14 | I3: ü | K3: ü | L3: ü | N3: ü | P3: ü | Q3: ü | R3: 7350057583876 | S3: 10X12X18 | T3: 0.62 | U3: 0.55
A4: 1002103 | B4: 1002103 | C4: =VLOOKUP(A4,Artikeldaten!A:B,2,0) -> Styropor [Links] - Minikid, Rekid, Duofix & Kidzone | D4: 7 | E4: =F4/1.19 -> 11.764706 | F4: =D4*2 -> 14 | K4: ü | N4: ü | P4: ü | Q4: ü | R4: 7350057583852 | S4: 10X12X18 | T4: 0.46 | U4: 0.39
A5: 1002104 | B5: EPS seat right (Minikid 1.0) | C5: =VLOOKUP(A5,Artikeldaten!A:B,2,0) -> Styropor [Rechts] - Minikid, Rekid, Duofix & Kidzone | D5: 7 | E5: =F5/1.19 -> 11.764706 | F5: =D5*2 -> 14 | K5: ü | N5: ü | P5: ü | Q5: ü | R5: 7350057583869 | S5: 10X12X18 | T5: 0.62 | U5: 0.55
A6: 1002108 | B6: Seat cushion fixed | C6: =VLOOKUP(A6,Artikeldaten!A:B,2,0) -> Schaumstoff Sitzfläche Geklebt | D6: 4 | E6: =F6/1.19 -> 6.7226891 | F6: =D6*2 -> 8 | I6: ü | J6: ü | K6: ü | N6: ü | O6: ü | P6: ü | Q6: ü | R6: 7350057583746 | S6: 48X32X22 | T6: 0.5 | U6: 0.14
A7: 1002112 | B7: Seat cushion | C7: =VLOOKUP(A7,Artikeldaten!A:B,2,0) -> Schaumstoff Sitzfläche | D7: 3 | E7: =F7/1.19 -> 5.0420168 | F7: =D7*2 -> 6 | I7: ü | J7: ü | K7: ü | L7: ü | N7: ü | O7: ü | P7: ü | Q7: ü | R7: 7350057583722 | S7: 40X40X50 | T7: 3 | U7: 2.2
A8: 1002117 | B8: EPS Back support (Move, Wolmax) | C8: =VLOOKUP(A8,Artikeldaten!A:B,2,0) -> Styropor [Rücken] - Move & Wolmax | D8: 7 | E8: =F8/1.19 -> 11.764706 | F8: =D8*2 -> 14 | J8: ü | O8: ü | R8: 7350057583883 | S8: 10X12X18 | T8: 0.32 | U8: 0.22
A9: 1002118 | B9: EPS seat left (Move, Wolmax) | C9: =VLOOKUP(A9,Artikeldaten!A:B,2,0) -> Styropor [Links] - Move & Wolmax | D9: 7 | E9: =F9/1.19 -> 11.764706 | F9: =D9*2 -> 14 | J9: ü | O9: ü | R9: 7350057583838 | S9: 23X13X16.5 | T9: 1.16 | U9: 1
A10: 1002119 | B10: EPS seat right (Move, Wolmax) | C10: =VLOOKUP(A10,Artikeldaten!A:B,2,0) -> Styropor [Rechts] - Move & Wolmax | D10: 7 | E10: =F10/1.19 -> 11.764706 | F10: =D10*2 -> 14 | J10: ü | O10: ü | R10: 7350057583845 | S10: 47X18X24 | T10: 14.5 | U10: 13.9
A11: 1002202 | B11: Textile cover christmas tree | C11: =VLOOKUP(A11,Artikeldaten!A:B,2,0) -> Tannenbaum | D11: 3 | E11: =F11/1.19 -> 5.0420168 | F11: =D11*2 -> 6 | I11: ü | J11: ü | K11: ü | N11: ü | O11: ü | P11: ü | Q11: ü | R11: 7350057583395 | S11: 29X18X12 | T11: 0.7 | U11: 0.5
A12: 1002287 | B12: EPS seat left (Minikid 2.0) | C12: =VLOOKUP(A12,Artikeldaten!A:B,2,0) -> Styropor [Links] - Minikid 2 | D12: 7 | E12: =F12/1.19 -> 11.764706 | F12: =D12*2 -> 14 | I12: ü | R12: 7350057583814 | S12: 57X24.5X28 | T12: 0.83 | U12: 0.34
A13: 1002288 | B13: EPS seat right (Minikid 2.0) | C13: =VLOOKUP(A13,Artikeldaten!A:B,2,0) -> Styropor [Rechts] - Minikid 2 | D13: 7 | E13: =F13/1.19 -> 11.764706 | F13: =D13*2 -> 14 | I13: ü | R13: 7350057583821 | S13: 23X13X16.5 | T13: 1.16 | U13: 1
A14: 1002321 | B14: Seat cushion fixed (Modukid) | C14: =VLOOKUP(A14,Artikeldaten!A:B,2,0) -> Schaumstoff Sitzfläche Geklebt - Modukid Seat | D14: 4 | E14: =F14/1.19 -> 6.7226891 | F14: =D14*2 -> 8 | L14: ü | R14: 7350057583739 | S14: 38X40X22 | T14: 3.45 | U14: 3
A15: 1003124 | B15: 5-point harness (Holmbergs) + 4 rivets | C15: =VLOOKUP(A15,Artikeldaten!A:B,2,0) -> 5 Punkt Gurtsystem Holmberg | D15: 30 | E15: =F15/1.19 -> 50.420168 | F15: =D15*2 -> 60 | I15: ü | J15: ü | K15: ü | N15: ü | O15: ü | P15: ü | Q15: ü | R15: 7350057583968 | S15: 23X13X16.5 | T15: 2.52 | U15: 2.38
A16: 1003207 | B16: Harness adjuster cover + 2 rivets | C16: =VLOOKUP(A16,Artikeldaten!A:B,2,0) -> Gurtabdeckung | D16: 3 | E16: =F16/1.19 -> 5.0420168 | F16: =D16*2 -> 6 | I16: ü | J16: ü | K16: ü | N16: ü | O16: ü | P16: ü | Q16: ü | R16: 7350057583999 | S16: 34X35X28 | T16: 2.12 | U16: 1.72
A17: 1003400 | B17: Side retractor Left | C17: =VLOOKUP(A17,Artikeldaten!A:B,2,0) -> Gurtaufroller [Links] | D17: 23 | E17: =F17/1.19 -> 38.655462 | F17: =D17*2 -> 46 | I17: ü | K17: ü | N17: ü | P17: ü | R17: 7350057584019 | S17: 10X12X18 | T17: 0.16 | U17: 0.12
A18: 1003409 | B18: Side retractor Right | C18: =VLOOKUP(A18,Artikeldaten!A:B,2,0) -> Gurtaufroller [Rechts] | D18: 23 | E18: =F18/1.19 -> 38.655462 | F18: =D18*2 -> 46 | I18: ü | K18: ü | N18: ü | P18: ü | R18: 7350057584026 | S18: 10X12X18 | T18: 0.14 | U18: 0.1
A19: 1004000 | B19: Support leg (Minikid 1.0) | C19: =VLOOKUP(A19,Artikeldaten!A:B,2,0) -> Stützfuß - Minikid 1, Rekid, Wolmax, Duofix & Kidzone | D19: 40 | E19: =F19/1.19 -> 67.226891 | F19: =D19*2 -> 80 | K19: ü | N19: ü | O19: ü | P19: ü | Q19: ü | R19: 7350057583920 | S19: 10X12X18 | T19: 0.6 | U19: 0.55
A20: 1004102 | B20: Support leg rubber foot (old) | C20: =VLOOKUP(A20,Artikeldaten!A:B,2,0) -> Gummifuß - Minikid 1 & Rekid | D20: 3 | E20: =F20/1.19 -> 5.0420168 | F20: =D20*2 -> 6 | K20: ü | N20: ü | O20: ü | P20: ü | Q20: ü | R20: 7350057583944 | S20: 29X18X20 | T20: 4.5 | U20: 4.25
A21: 1004445 | B21: Support leg (Minikid 2.0) | C21: =VLOOKUP(A21,Artikeldaten!A:B,2,0) -> Stützfuß - Minikid 2 & Move | D21: 30 | E21: =F21/1.19 -> 50.420168 | F21: =D21*2 -> 60 | I21: ü | J21: ü | R21: 7350057583913 | S21: 29X18X20 | T21: 1.25 | U21: 1.12
A22: 1004453 | B22: Support leg rubber foot (new) | C22: =VLOOKUP(A22,Artikeldaten!A:B,2,0) -> Gummifuß - Minikid 2 & Move | D22: 3 | E22: =F22/1.19 -> 5.0420168 | F22: =D22*2 -> 6 | I22: ü | J22: ü | R22: 7350057583937 | S22: 29X18X20 | T22: 1.06 | U22: 0.84
A23: 1006000 | B23: Head support Unit (Duofix, Kidzone) | C23: =VLOOKUP(A23,Artikeldaten!A:B,2,0) -> Kopfstütze - Duofix & Kidzofix | D23: 13 | E23: =F23/1.19 -> 21.848739 | F23: =D23*2 -> 26 | P23: ü | Q23: ü | R23: 7350057583791 | S23: 26X33X22 | T23: 0.32 | U23: 0.11
A24: 1006003 | B24: Head support Unit (Minikid 1.0, Rekid) | C24: =VLOOKUP(A24,Artikeldaten!A:B,2,0) -> Kopfstütze - Minikid 1 & Rekid | D24: 13 | E24: =F24/1.19 -> 21.848739 | F24: =D24*2 -> 26 | K24: ü | N24: ü | R24: 7350057583777 | S24: 57X25X28 | T24: 0.63 | U24: 0.17
A25: 1006504 | B25: Head support Unit (Minikid 2.0) | C25: =VLOOKUP(A25,Artikeldaten!A:B,2,0) -> Kopfstütze - Minikid 2 | D25: 13 | E25: =F25/1.19 -> 21.848739 | F25: =D25*2 -> 26 | I25: ü | R25: 7350057583760 | S25: 57X25X28 | T25: 0.63 | U25: 0.17
A26: 1007215 | B26: Textile cover attachment pin | C26: =VLOOKUP(A26,Artikeldaten!A:B,2,0) -> Strohhalm | D26: 3 | E26: =F26/1.19 -> 5.0420168 | F26: =D26*2 -> 6 | I26: ü | J26: ü | K26: ü | L26: ü | N26: ü | O26: ü | P26: ü | Q26: ü | R26: 7350057583388 | S26: 23X13X16.5 | T26: 0.5 | U26: 0.36
A27: 1100714 | B27: Textile cover buckle Red (Modu, Mini) | C27: =VLOOKUP(A27,Artikeldaten!A:B,2,0) -> Gurtschlosspolster - Minikid 2 & Modukid Seat [Rot] | D27: 3 | E27: =F27/1.19 -> 5.0420168 | F27: =D27*2 -> 6 | I27: ü | L27: ü | R27: 7350057583562 | S27: 10X12X18 | T27: 0.23 | U27: 0.17
A28: 1100734 | B28: Sunscreen Black | C28: =VLOOKUP(A28,Artikeldaten!A:B,2,0) -> Sonnenschutz - Modukid Infant [Schwarz] | D28: 7 | E28: =F28/1.19 -> 11.764706 | F28: =D28*2 -> 14 | M28: ü | R28: 7350057584118 | S28: 44X27X23.5 | T28: 7.3 | U28: 6.85
A29: 1100737 | B29: Headrest insert Black | C29: =VLOOKUP(A29,Artikeldaten!A:B,2,0) -> Kopfstützen Einlage - Modukid Infant [Schwarz] | D29: 5 | E29: =F29/1.19 -> 8.4033613 | F29: =D29*2 -> 10 | M29: ü | R29: 7350057584125 | S29: 10X12X18 | T29: 0.4 | U29: 0.34
A30: 1100738 | B30: Baby insert Black | C30: =VLOOKUP(A30,Artikeldaten!A:B,2,0) -> Inlay - Modukid Infant [Schwarz] | D30: 8 | E30: =F30/1.19 -> 13.445378 | F30: =D30*2 -> 16 | M30: ü | R30: 7350057584132
A31: 1100739 | B31: Baby cushion Black | C31: =VLOOKUP(A31,Artikeldaten!A:B,2,0) -> Schaustoff Sitzfläche - Modukid Infant [Schwarz] | D31: 4 | E31: =F31/1.19 -> 6.7226891 | F31: =D31*2 -> 8 | M31: ü | R31: 7350057584149
A32: 1100791 | B32: Head support brake unit | C32: =VLOOKUP(A32,Artikeldaten!A:B,2,0) -> Bremseinheit Kopfstütze - Modukid Seat, Minikid, Rekid, Duofix & Kidzone | D32: 3 | E32: =F32/1.19 -> 5.0420168 | F32: =D32*2 -> 6 | I32: ü | K32: ü | L32: ü | N32: ü | P32: ü | Q32: ü | R32: 7350057584088 | S32: 29X18X20 | T32: 0.5 | U32: 0.29
A33: 1100810 | B33: 5-point harness | C33: =VLOOKUP(A33,Artikeldaten!A:B,2,0) -> 5 Punkt Gurtsystem Shield - Modukid | D33: 20 | E33: =F33/1.19 -> 33.613445 | F33: =D33*2 -> 40 | L33: ü | R33: 7350057583951 | S33: 29X18X20 | T33: 4.5 | U33: 4.25
A34: 1100813 | B34: 3-point harness | C34: =VLOOKUP(A34,Artikeldaten!A:B,2,0) -> 3 Punkt Gurtsystem - Shield | D34: 20 | E34: =F34/1.19 -> 33.613445 | F34: =D34*2 -> 40 | M34: ü | R34: 7350057583975 | S34: 34X35X20 | T34: 4.8 | U34: 4.4
A35: 1100815 | B35: Head support Unit (Modukid) | C35: =VLOOKUP(A35,Artikeldaten!A:B,2,0) -> Kopfstütze - Modukid | D35: 12 | E35: =F35/1.19 -> 20.168067 | F35: =D35*2 -> 24 | L35: ü | R35: 7350057583753 | S35: 48X32X22 | T35: 0.5 | U35: 0.14
A36: 1100816 | B36: ASIP connector + 2 rivets | C36: =VLOOKUP(A36,Artikeldaten!A:B,2,0) -> ASIP Befestigung - Minikid 2, Move, Modukid Seat | D36: 5 | E36: =F36/1.19 -> 8.4033613 | F36: =D36*2 -> 10 | I36: ü | J36: ü | R36: 7350057584064 | S36: 29X18X20 | T36: 0.61 | U36: 0.4
A37: 1100817 | B37: Angle adjuster + 6 rivets | C37: =VLOOKUP(A37,Artikeldaten!A:B,2,0) -> Neigungsverstellung - Minikid | D37: 16 | E37: =F37/1.19 -> 26.890756 | F37: =D37*2 -> 32 | I37: ü | N37: ü | R37: 7350057584040 | S37: 23X13X16.5 | T37: 2 | U37: 1.83
A38: 1100834 | B38: Head support retractor system | C38: =VLOOKUP(A38,Artikeldaten!A:B,2,0) -> Spannrolle Kopfstütze - Minikid 2 & Modukid Seat | D38: 13 | E38: =F38/1.19 -> 21.848739 | F38: =D38*2 -> 26 | I38: ü | L38: ü | R38: 7350057584095 | S38: 29X18X4 | T38: 1.6 | U38: 1.55
A39: 1100839 | B39: Textile cover buckle Grey (Modu, Mini) | C39: =VLOOKUP(A39,Artikeldaten!A:B,2,0) -> Gurtschlosspolster - Minikid 2 & Modukid Seat [Grau] | D39: 3 | E39: =F39/1.19 -> 5.0420168 | F39: =D39*2 -> 6 | I39: ü | L39: ü | R39: 7350057583579 | S39: 29X18X20 | T39: 0.67 | U39: 0.45
A40: 1100844 | B40: Textile cover buckle Black (Modu, Mini) | C40: =VLOOKUP(A40,Artikeldaten!A:B,2,0) -> Gurtschlosspolster - Minikid 2 & Modukid Seat [Schwarz] | D40: 3 | E40: =F40/1.19 -> 5.0420168 | F40: =D40*2 -> 6 | I40: ü | K40: ü | L40: ü | N40: ü | P40: ü | Q40: ü | R40: 7350057583586 | S40: 29X18X20 | T40: 0.67 | U40: 0.45
A41: 1100849 | B41: Textile cover buckle Petrol (Modu, Mini) | C41: =VLOOKUP(A41,Artikeldaten!A:B,2,0) -> Gurtschlosspolster - Minikid 2 & Modukid Seat [Petrol] | D41: 3 | E41: =F41/1.19 -> 5.0420168 | F41: =D41*2 -> 6 | I41: ü | L41: ü | R41: 7350057583593 | S41: 29X18X20 | T41: 0.67 | U41: 0.45
A42: 1100859 | B42: ASIP connector Modukid + 2 rivets | C42: =VLOOKUP(A42,Artikeldaten!A:B,2,0) -> ASIP Befestigung - Modukid Seat | D42: 5 | E42: =F42/1.19 -> 8.4033613 | F42: =D42*2 -> 10 | L42: ü | R42: 7350057584071 | S42: 29X18X20 | T42: 0.8 | U42: 0.58
A43: 1100939 | B43: Belt clip blue | C43: =VLOOKUP(A43,Artikeldaten!A:B,2,0) -> Gurtklemme [Blau] | D43: 3 | E43: =F43/1.19 -> 5.0420168 | F43: =D43*2 -> 6 | I43: ü | J43: ü | R43: 7350057583890 | S43: 10X12X18 | T43: 0.34 | U43: 0.26
A44: 1100960 | B44: Textile cover head support (Minikid 2.0) | C44: =VLOOKUP(A44,Artikeldaten!A:B,2,0) -> Stoffbezug Kopfstütze - Minikid 2 [Schwarz] | D44: 10 | E44: =F44/1.19 -> 16.806723 | F44: =D44*2 -> 20 | I44: ü | R44: 7350057583661 | S44: 26X25X22 | T44: 0.45 | U44: 0.24
A45: 1100961 | B45: Cover Red (Minikid 2.0) | C45: =VLOOKUP(A45,Artikeldaten!A:B,2,0) -> Stoffbezug - Minikid 2 [Rot] | D45: 50 | E45: =F45/1.19 -> 84.033613 | F45: =D45*2 -> 100 | I45: ü | R45: 7350057583111 | S45: 40X40X50 | T45: 3.3 | U45: 2.55
A46: 1101175 | B46: ASIP | C46: =VLOOKUP(A46,Artikeldaten!A:B,2,0) -> ASIP [Seitenaufprallschutz] - Minikid 2 & Modukid Seat | D46: 8 | E46: =F46/1.19 -> 13.445378 | F46: =D46*2 -> 16 | I46: ü | L46: ü | R46: 7350057584057 | S46: 29X18X20 | T46: 0.78 | U46: 0.57
A47: 1101176 | B47: Cover Grey (Minikid 2.0) | C47: =VLOOKUP(A47,Artikeldaten!A:B,2,0) -> Stoffbezug - Minikid 2 [Grau] | D47: 50 | E47: =F47/1.19 -> 84.033613 | F47: =D47*2 -> 100 | I47: ü | R47: 7350057583128 | S47: 40X40X50 | T47: 3.3 | U47: 2.52
A48: 1101177 | B48: Cover Black (Minikid 2.0) | C48: =VLOOKUP(A48,Artikeldaten!A:B,2,0) -> Stoffbezug - Minikid 2 [Schwarz] | D48: 50 | E48: =F48/1.19 -> 84.033613 | F48: =D48*2 -> 100 | I48: ü | R48: 7350057583135 | S48: 40X40X50 | T48: 3.3 | U48: 2.52
A49: 1101179 | B49: Cover Green (Minikid 2.0) | C49: =VLOOKUP(A49,Artikeldaten!A:B,2,0) -> Stoffbezug - Minikid 2 [Olivegrün] | D49: 50 | E49: =F49/1.19 -> 84.033613 | F49: =D49*2 -> 100 | I49: ü | R49: 7350057583159 | S49: 40X40X50 | T49: 3.3 | U49: 2.52
A50: 1101180 | B50: Cover Petrol (Minikid 2.0) | C50: =VLOOKUP(A50,Artikeldaten!A:B,2,0) -> Stoffbezug - Minikid 2 [Petrol] | D50: 50 | E50: =F50/1.19 -> 84.033613 | F50: =D50*2 -> 100 | I50: ü | R50: 7350057583166 | S50: 40X40X50 | T50: 3.3 | U50: 2.52
A51: 1101181 | B51: Cover Pink (Minikid 2.0) | C51: =VLOOKUP(A51,Artikeldaten!A:B,2,0) -> Stoffbezug - Minikid 2 [Rosa] | D51: 50 | E51: =F51/1.19 -> 84.033613 | F51: =D51*2 -> 100 | I51: ü | R51: 7350057583173 | S51: 40X40X50 | T51: 3.3 | U51: 2.52
A52: 1101184 | B52: Textile cover buckle Green (Modu, Mini) | C52: =VLOOKUP(A52,Artikeldaten!A:B,2,0) -> Gurtschlosspolster - Minikid 2 [Olivegrün] | D52: 3 | E52: =F52/1.19 -> 5.0420168 | F52: =D52*2 -> 6 | I52: ü | R52: 7350057583623 | S52: 29X18X20 | T52: 0.62 | U52: 0.41
A53: 1101190 | B53: Shoulder pads Red (Minikid 2.0) | C53: =VLOOKUP(A53,Artikeldaten!A:B,2,0) -> Schulterpolster Set - Minikid 2 [Rot] | D53: 10 | E53: =F53/1.19 -> 16.806723 | F53: =D53*2 -> 20 | I53: ü | R53: 7350057583463 | S53: 29X18X12 | T53: 0.7 | U53: 0.5
A54: 1101191 | B54: Shoulder pads Grey (Minikid 2.0) | C54: =VLOOKUP(A54,Artikeldaten!A:B,2,0) -> Schulterpolster Set - Minikid 2 [Grau] | D54: 10 | E54: =F54/1.19 -> 16.806723 | F54: =D54*2 -> 20 | I54: ü | R54: 7350057583470 | S54: 10X12X18 | T54: 0.23 | U54: 0.17
A55: 1101192 | B55: Shoulder pads Black (Minikid 2.0) | C55: =VLOOKUP(A55,Artikeldaten!A:B,2,0) -> Schulterpolster Set - Minikid 2 [Schwarz] | D55: 10 | E55: =F55/1.19 -> 16.806723 | F55: =D55*2 -> 20 | I55: ü | R55: 7350057583487 | S55: 10X12X18 | T55: 0.23 | U55: 0.17
A56: 1101194 | B56: Shoulder pads Green (Minikid 2.0) | C56: =VLOOKUP(A56,Artikeldaten!A:B,2,0) -> Schulterpolster Set - Minikid 2 [Olivegrün] | D56: 10 | E56: =F56/1.19 -> 16.806723 | F56: =D56*2 -> 20 | I56: ü | R56: 7350057583500 | S56: 10X12X18 | T56: 0.23 | U56: 0.17
A57: 1101195 | B57: Shoulder pads Petrol (Minikid 2.0) | C57: =VLOOKUP(A57,Artikeldaten!A:B,2,0) -> Schulterpolster Set - Minikid 2 [Petrol] | D57: 10 | E57: =F57/1.19 -> 16.806723 | F57: =D57*2 -> 20 | I57: ü | R57: 7350057583517 | S57: 10X12X18 | T57: 0.23 | U57: 0.17
A58: 1101197 | B58: Head support plate | C58: =VLOOKUP(A58,Artikeldaten!A:B,2,0) -> Kopfstütze Rückenplatte - Minikid, Modukid Seat, Rekid, Duofix & Kidzone | D58: 10 | E58: =F58/1.19 -> 16.806723 | F58: =D58*2 -> 20 | I58: ü | K58: ü | L58: ü | N58: ü | P58: ü | Q58: ü | R58: 7350057583807 | S58: 10X9X25 | T58: 0.25 | U58: 0.12
A59: 1101216 | B59: Cover Red (Minikid 1.0) | C59: =VLOOKUP(A59,Artikeldaten!A:B,2,0) -> Stoffbezug - Minikid 1 [Rot] | D59: 50 | E59: =F59/1.19 -> 84.033613 | F59: =D59*2 -> 100 | N59: ü | R59: 7350057583180 | S59: 40X40X50 | T59: 3.4 | U59: 2.62
A60: 1101217 | B60: Cover Grey (Minikid 1.0) | C60: =VLOOKUP(A60,Artikeldaten!A:B,2,0) -> Stoffbezug - Minikid 1 [Grau] | D60: 50 | E60: =F60/1.19 -> 84.033613 | F60: =D60*2 -> 100 | N60: ü | R60: 7350057583197 | S60: 40X40X50 | T60: 3.4 | U60: 2.62
A61: 1101218 | B61: Cover Black (Minikid 1.0) | C61: =VLOOKUP(A61,Artikeldaten!A:B,2,0) -> Stoffbezug - Minikid 1 [Schwarz] | D61: 50 | E61: =F61/1.19 -> 84.033613 | F61: =D61*2 -> 100 | N61: ü | R61: 7350057583203 | S61: 40X40X50 | T61: 2.7 | U61: 1.9
A62: 1101219 | B62: Cover Petrol (Minikid 1.0) | C62: =VLOOKUP(A62,Artikeldaten!A:B,2,0) -> Stoffbezug - Minikid 1 [Petrol] | D62: 50 | E62: =F62/1.19 -> 84.033613 | F62: =D62*2 -> 100 | N62: ü | R62: 7350057583210 | S62: 40X40X50 | T62: 2.7 | U62: 1.9
A63: 1101221 | B63: Cover Red (Rekid) | C63: =VLOOKUP(A63,Artikeldaten!A:B,2,0) -> Stoffbezug - Rekid [Rot] | D63: 50 | E63: =F63/1.19 -> 84.033613 | F63: =D63*2 -> 100 | K63: ü | R63: 7350057583234 | S63: 40X40X50 | T63: 3.3 | U63: 2.52
A64: 1101222 | B64: Cover Grey (Rekid) | C64: =VLOOKUP(A64,Artikeldaten!A:B,2,0) -> Stoffbezug - Rekid [Grau] | D64: 50 | E64: =F64/1.19 -> 84.033613 | F64: =D64*2 -> 100 | K64: ü | R64: 7350057583241 | S64: 40X40X50 | T64: 3.3 | U64: 2.52
A65: 1101223 | B65: Cover Black (Rekid) | C65: =VLOOKUP(A65,Artikeldaten!A:B,2,0) -> Stoffbezug - Rekid [Schwarz] | D65: 50 | E65: =F65/1.19 -> 84.033613 | F65: =D65*2 -> 100 | K65: ü | R65: 7350057583258 | S65: 40X40X50 | T65: 3.3 | U65: 2.52
A66: 1101224 | B66: Cover Petrol (Rekid) | C66: =VLOOKUP(A66,Artikeldaten!A:B,2,0) -> Stoffbezug - Rekid [Petrol] | D66: 50 | E66: =F66/1.19 -> 84.033613 | F66: =D66*2 -> 100 | K66: ü | R66: 7350057583265 | S66: 40X40X50 | T66: 3.3 | U66: 2.52
A67: 1101225 | B67: Cover Grey (Move) | C67: =VLOOKUP(A67,Artikeldaten!A:B,2,0) -> Stoffbezug - Move [Grau] | D67: 50 | E67: =F67/1.19 -> 84.033613 | F67: =D67*2 -> 100 | J67: ü | R67: 7350057583272 | S67: 40X40X50 | T67: 3.2 | U67: 2.42
A68: 1101226 | B68: Cover Black (Move) | C68: =VLOOKUP(A68,Artikeldaten!A:B,2,0) -> Stoffbezug - Move [Schwarz] | D68: 50 | E68: =F68/1.19 -> 84.033613 | F68: =D68*2 -> 100 | J68: ü | R68: 7350057583289 | S68: 40X40X50 | T68: 3.2 | U68: 2.42
A69: 1101227 | B69: Cover Black (Wolmax) | C69: =VLOOKUP(A69,Artikeldaten!A:B,2,0) -> Stoffbezug - Wolmax [Schwarz] | D69: 50 | E69: =F69/1.19 -> 84.033613 | F69: =D69*2 -> 100 | O69: ü | R69: 7350057583296 | S69: 40X40X50 | T69: 3.2 | U69: 2.42
A70: 1101228 | B70: Cover Black (Duofix) | C70: =VLOOKUP(A70,Artikeldaten!A:B,2,0) -> Stoffbezug - Duofix [Schwarz] | D70: 50 | E70: =F70/1.19 -> 84.033613 | F70: =D70*2 -> 100 | P70: ü | R70: 7350057583326 | S70: 10X12X18 | T70: 0.25 | U70: 0.17
A71: 1101229 | B71: Cover Black (Kidzone) | C71: =VLOOKUP(A71,Artikeldaten!A:B,2,0) -> Stoffbezug - Kidzone [Schwarz] | D71: 50 | E71: =F71/1.19 -> 84.033613 | F71: =D71*2 -> 100 | Q71: ü | R71: 7350057583364 | S71: 29X18X12 | T71: 0.7 | U71: 0.5
A72: 1101230 | B72: Shoulder pads Black (Move, Wolmax) | C72: =VLOOKUP(A72,Artikeldaten!A:B,2,0) -> Schulterpolster Set - Move & Wolmax [Schwarz] | D72: 10 | E72: =F72/1.19 -> 16.806723 | F72: =D72*2 -> 20 | J72: ü | O72: ü | R72: 7350057583548 | S72: 10X12X18 | T72: 0.23 | U72: 0.17
A73: 1101231 | B73: Textile cover buckle Black (Move, Wol) | C73: =VLOOKUP(A73,Artikeldaten!A:B,2,0) -> Gurtschlosspolster - Move & Wolmax [Schwarz] | D73: 3 | E73: =F73/1.19 -> 5.0420168 | F73: =D73*2 -> 6 | J73: ü | O73: ü | R73: 7350057583647 | S73: 29X18X20 | T73: 0.69 | U73: 0.47
A74: 1101232 | B74: Head support Unit (Move, Wolmax) | C74: =VLOOKUP(A74,Artikeldaten!A:B,2,0) -> Kopfstütze - Move & Wolmax | D74: 12 | E74: =F74/1.19 -> 20.168067 | F74: =D74*2 -> 24 | J74: ü | O74: ü | R74: 7350057583784 | S74: 26X33X22 | T74: 0.32 | U74: 0.11
A75: 1101236 | B75: Cover Red (Duofix) | C75: =VLOOKUP(A75,Artikeldaten!A:B,2,0) -> Stoffbezug - Duofix [Rot] | D75: 50 | E75: =F75/1.19 -> 84.033613 | F75: =D75*2 -> 100 | P75: ü | R75: 7350057583302 | S75: 40X40X50 | T75: 3.2 | U75: 2.42
A76: 1101237 | B76: Cover Grey (Duofix) | C76: =VLOOKUP(A76,Artikeldaten!A:B,2,0) -> Stoffbezug - Duofix [Grau] | D76: 50 | E76: =F76/1.19 -> 84.033613 | F76: =D76*2 -> 100 | P76: ü | R76: 7350057583319 | S76: / | T76: / | U76: 0.21
A77: 1101238 | B77: Cover Petrol (Duofix) | C77: =VLOOKUP(A77,Artikeldaten!A:B,2,0) -> Stoffbezug - Duofix [Petrol] | D77: 50 | E77: =F77/1.19 -> 84.033613 | F77: =D77*2 -> 100 | P77: ü | R77: 7350057583333 | S77: 29X18X12 | T77: 0.7 | U77: 0.5
A78: 1101239 | B78: Cover Red (Kidzone) | C78: =VLOOKUP(A78,Artikeldaten!A:B,2,0) -> Stoffbezug - Kidzone [Rot] | D78: 50 | E78: =F78/1.19 -> 84.033613 | F78: =D78*2 -> 100 | Q78: ü | R78: 7350057583340 | S78: 29X18X12 | T78: 0.7 | U78: 0.5
A79: 1101240 | B79: Cover Grey (Kidzone) | C79: =VLOOKUP(A79,Artikeldaten!A:B,2,0) -> Stoffbezug - Kidzone [Grau] | D79: 50 | E79: =F79/1.19 -> 84.033613 | F79: =D79*2 -> 100 | Q79: ü | R79: 7350057583357 | S79: 29X18X12 | T79: 0.7 | U79: 0.5
A80: 1101241 | B80: Cover Petrol (Kidzone) | C80: =VLOOKUP(A80,Artikeldaten!A:B,2,0) -> Stoffbezug - Kidzone [Petrol] | D80: 50 | E80: =F80/1.19 -> 84.033613 | F80: =D80*2 -> 100 | Q80: ü | R80: 7350057583371 | S80: 29X18X12 | T80: 0.7 | U80: 0.5
A81: 1101242 | B81: Shoulder pads Black (Minikid, Rekid) | C81: =VLOOKUP(A81,Artikeldaten!A:B,2,0) -> Schulterpolster Set - Minikid 1 & Rekid [Schwarz] | D81: 10 | E81: =F81/1.19 -> 16.806723 | F81: =D81*2 -> 20 | K81: ü | N81: ü | R81: 7350057583531 | S81: 10X12X18 | T81: 0.23 | U81: 0.17
A82: 1101244 | B82: Textile cover head support (Minikid) | C82: =VLOOKUP(A82,Artikeldaten!A:B,2,0) -> Stoffbezug Kopfstütze - Minikid 1 [Schwarz] | D82: 10 | E82: =F82/1.19 -> 16.806723 | F82: =D82*2 -> 20 | N82: ü | R82: 7350057583678 | S82: 38X26X15 | T82: 0.63 | U82: 0.32
A83: 1101247 | B83: Textile cover head support (Wolmax) | C83: =VLOOKUP(A83,Artikeldaten!A:B,2,0) -> Stoffbezug Kopfstütze - Wolmax [Schwarz] | D83: 10 | E83: =F83/1.19 -> 16.806723 | F83: =D83*2 -> 20 | O83: ü | R83: 7350057583708 | S83: 40X40X50 | T83: 3 | U83: 2.2
A84: 1101281 | B84: Head support retractor system | C84: =VLOOKUP(A84,Artikeldaten!A:B,2,0) -> Spannrolle Kopfstütze - Minikid 1 & Rekid | D84: 27 | E84: =F84/1.19 -> 45.378151 | F84: =D84*2 -> 54 | K84: ü | N84: ü | R84: 7350057584224 | S84: 29X18X4 | T84: 1.6 | U84: 1.55
A85: 1101314 | B85: Support leg strap + 4 rivets | C85: =VLOOKUP(A85,Artikeldaten!A:B,2,0) -> Gurt für Stützfuß - Minikid 2 & Move | D85: 3 | E85: =F85/1.19 -> 5.0420168 | F85: =D85*2 -> 6 | I85: ü | J85: ü | R85: 7350057584187 | S85: 10X12X18 | T85: 0.64 | U85: 0.56
A86: 1101315 | B86: Support leg strap + 4 rivets | C86: =VLOOKUP(A86,Artikeldaten!A:B,2,0) -> Gurt für Stützfuß - Minikid 1, Rekid, Wolmax, Duofix & Kidzone | D86: 3 | E86: =F86/1.19 -> 5.0420168 | F86: =D86*2 -> 6 | K86: ü | N86: ü | O86: ü | P86: ü | Q86: ü | R86: 7350057584194 | S86: 23X13X16.5 | T86: 0.82 | U86: 0.68
A87: 1101784 | B87: Cover Tar (Solid) | C87: =VLOOKUP(A87,Artikeldaten!A:B,2,0) -> Stoffbezug - Minikid 2 Tar [Schwarz] | D87: 50 | E87: =F87/1.19 -> 84.033613 | F87: =D87*2 -> 100 | I87: ü | R87: 7350057584712 | S87: 40X40X50 | T87: 3.3 | U87: 2.52
A88: 1101785 | B88: Cover Granite (Solid) | C88: =VLOOKUP(A88,Artikeldaten!A:B,2,0) -> Stoffbezug - Minikid 2 Granite [Grau] | D88: 50 | E88: =F88/1.19 -> 84.033613 | F88: =D88*2 -> 100 | I88: ü | R88: 7350057584729 | S88: 40X40X50 | T88: 3.3 | U88: 2.52
A89: 1101786 | B89: Cover Shellfish (Solid) | C89: =VLOOKUP(A89,Artikeldaten!A:B,2,0) -> Stoffbezug - Minikid 2 Shellfish [Rot] | D89: 50 | E89: =F89/1.19 -> 84.033613 | F89: =D89*2 -> 100 | I89: ü | R89: 7350057584736 | S89: 40X40X50 | T89: 3.3 | U89: 2.52
A90: 1101787 | B90: Cover Sea (Solid) | C90: =VLOOKUP(A90,Artikeldaten!A:B,2,0) -> Stoffbezug - Minikid 2 Sea [Blau] | D90: 50 | E90: =F90/1.19 -> 84.033613 | F90: =D90*2 -> 100 | I90: ü | R90: 7350057584743 | S90: 40X40X50 | T90: 3.3 | U90: 2.52
A91: 1101788 | B91: Cover Moss (Solid) | C91: =VLOOKUP(A91,Artikeldaten!A:B,2,0) -> Stoffbezug - Minikid 2 Moss [Grün] | D91: 50 | E91: =F91/1.19 -> 84.033613 | F91: =D91*2 -> 100 | I91: ü | R91: 7350057584750 | S91: 40X40X50 | T91: 3.3 | U91: 2.52
A92: 1101789 | B92: Cover Shell Black (Premium) | C92: =VLOOKUP(A92,Artikeldaten!A:B,2,0) -> Stoffbezug - Minikid 2 Shell Black [Schwarz]] | D92: 50 | E92: =F92/1.19 -> 84.033613 | F92: =D92*2 -> 100 | I92: ü | R92: 7350057584767 | S92: 40X40X50 | T92: 3.3 | U92: 2.52
A93: 1101790 | B93: Cover Granite Melange (Premium) | C93: =VLOOKUP(A93,Artikeldaten!A:B,2,0) -> Stoffbezug - Minikid 2 Granite Melange [Grau] | D93: 50 | E93: =F93/1.19 -> 84.033613 | F93: =D93*2 -> 100 | I93: ü | R93: 7350057584774 | S93: 40X40X50 | T93: 3.4 | U93: 2.62
A94: 1101791 | B94: Cover Sky Grey (Premium) | C94: =VLOOKUP(A94,Artikeldaten!A:B,2,0) -> Stoffbezug - Minikid 2 Sky Grey [Grau] | D94: 50 | E94: =F94/1.19 -> 84.033613 | F94: =D94*2 -> 100 | I94: ü | R94: 7350057584781 | S94: 40X40X50 | T94: 3.4 | U94: 2.62
A95: 1101822 | B95: Textile cover buckle Tar (Modu, Mini) | C95: =VLOOKUP(A95,Artikeldaten!A:B,2,0) -> Gurtschlosspolster - Minikid 2 & Modukid Seat Tar [Schwarz] | D95: 3 | E95: =F95/1.19 -> 5.0420168 | F95: =D95*2 -> 6 | I95: ü | L95: ü | R95: 7350057585276
A96: 1101823 | B96: Shoulder pads Tar (Minikid 2) | C96: =VLOOKUP(A96,Artikeldaten!A:B,2,0) -> Schulterpolster Set - Minikid 2 Tar [Schwarz] | D96: 10 | E96: =F96/1.19 -> 16.806723 | F96: =D96*2 -> 20 | I96: ü | R96: 7350057585191
A97: 1101824 | B97: Textile cover buckle Granite (Modu, Mini) | C97: =VLOOKUP(A97,Artikeldaten!A:B,2,0) -> Gurtschlosspolster - Minikid 2 & Modukid Seat Granite [Grau] | D97: 3 | E97: =F97/1.19 -> 5.0420168 | F97: =D97*2 -> 6 | I97: ü | L97: ü | R97: 7350057585283
A98: 1101825 | B98: Shoulder pads Granite (Minikid 2) | C98: =VLOOKUP(A98,Artikeldaten!A:B,2,0) -> Schulterpolster Set - Minikid 2 Granite [Grau] | D98: 10 | E98: =F98/1.19 -> 16.806723 | F98: =D98*2 -> 20 | I98: ü | R98: 7350057585207
A99: 1101826 | B99: Textile cover buckle Shellfish (Modu, Mini) | C99: =VLOOKUP(A99,Artikeldaten!A:B,2,0) -> Gurtschlosspolster - Minikid 2 & Modukid Seat Shellfish [Rot] | D99: 3 | E99: =F99/1.19 -> 5.0420168 | F99: =D99*2 -> 6 | I99: ü | L99: ü | R99: 7350057585290
A100: 1101827 | B100: Shoulder pads Shellfish (Minikid 2) | C100: =VLOOKUP(A100,Artikeldaten!A:B,2,0) -> Schulterpolster Set - Minikid 2 Shellfish [Rot] | D100: 10 | E100: =F100/1.19 -> 16.806723 | F100: =D100*2 -> 20 | I100: ü | R100: 7350057585214
...

Sheet Artikeldaten
A1: Artikelnummer | B1: Artikel
A2: 1002101 | B2: Styropor [Rücken] - Minikid, Rekid, Duofix & Kidzone
A3: 1002103 | B3: Styropor [Links] - Minikid, Rekid, Duofix & Kidzone
A4: 1002104 | B4: Styropor [Rechts] - Minikid, Rekid, Duofix & Kidzone
A5: 1002108 | B5: Schaumstoff Sitzfläche Geklebt
A6: 1002112 | B6: Schaumstoff Sitzfläche
A7: 1002117 | B7: Styropor [Rücken] - Move & Wolmax
A8: 1002118 | B8: Styropor [Links] - Move & Wolmax
A9: 1002119 | B9: Styropor [Rechts] - Move & Wolmax
A10: 1002202 | B10: Tannenbaum
A11: 1002287 | B11: Styropor [Links] - Minikid 2
A12: 1002288 | B12: Styropor [Rechts] - Minikid 2
A13: 1002321 | B13: Schaumstoff Sitzfläche Geklebt - Modukid Seat
... A247: 27040122 | B247: Axkid Bigkid 2 Premium Granite Melange [Grau]
A248: 27040122_2 | B248: Kopie
A249: 27040122XX | B249: Nicht verwenden
A250: 30100002 | B250: Kinderwagen - Life Grau
A251: 30100003 | B251: Kinderwagen - Life Schwarz
A252: 31409 | B252: Leihsitz Minikid ID 31409
A253: 332957 | B253: Leihsitz - Minikid 2 Granite [Grau]
A254: 50566 | B254: Leihsitz Minikid ID 50566
A255: 51977 | B255: Leihsitz Minikid ID 51977
A256: 52125 | B256: Leihsitz Minikid ID 52125
A257: 52141 | B257: Leihsitz Minikid ID 52141
A258: 52216 | B258: Leihsitz Minikid ID 52216
A259: 52237 | B259: Leihsitz Minikid ID 52237
A260: 52380 | B260: Leihsitz Minikid ID 52380
A261: 60929 | B261: Leihsitz Minikid ID 60929
... A325: 990098 | B325: Styropor rechts Move
A326: COVER SAMPLES | B326: Cover samples 2020
A327: DEMOSITZ | B327: Demositz - Axkid Training Seat 3 Punkt Gurt & Isofix
A328: DEMOSITZ 1 | B328: Demositz - Axkid Training Seat 3 Punkt Gurt & Isofix Teil 1(2)
A329: DEMOSITZ 2 | B329: Demositz - Axkid Training Seat 3 Punkt Gurt & Isofix Teil 2(2)
A330: DIREKTVERSAND | B330: Direktversand Endkunde
A331: LÖSCHEN1 | B331: Löschen
A332: LÖSCHEN2 | B332: Löschen
A333: MINDERMENGENZ D | B333: Mindermengenzuschlag
A334: MINDERMENGENZ EU | B334: Mindermengenzuschlag EU
A335: ONE C BRICK MELANGE | B335: Autositz Axkid One C Brick Melange - [Beige]
A336: ONE C GRANITE MELANG | B336: Autositz Axkid One C Granite Melange - [Grau]
A337: ONE C SILVER | B337: Autositz Axkid One C Silver - [Silbern]
... A347: WEBSHOP VERSAND | B347: Versandkosten Webshop
